{
    "bottom_shell_layers": "4",
    "elefant_foot_compensation": "0",
    "enable_arc_fitting": "1",
    "enable_support": "1",
    "from": "User",
    "gap_infill_speed": "125",
    "infill_combination": "0",
    "inherits": "0.12mm Fine @Creality Ender3V3KE",
    "initial_layer_infill_speed": "100",
    "initial_layer_print_height": "0.24",
    "initial_layer_travel_speed": "40%",
    "inner_wall_speed": "150",
    "internal_solid_infill_speed": "200",
    "is_custom_defined": "0",
    "name": "0.12mm Fine @Creality Ender3V3KE - Josemy",
    "only_one_wall_top": "1",
    "outer_wall_speed": "100",
    "overhang_reverse": "1",
    "overhang_reverse_internal_only": "1",
    "overhang_reverse_threshold": "0%",
    "overhang_speed_classic": "1",
    "precise_outer_wall": "1",
    "print_settings_id": "0.12mm Fine @Creality Ender3V3KE - Josemy",
    "raft_first_layer_density": "100%",
    "raft_first_layer_expansion": "5",
    "reduce_crossing_wall": "1",
    "reduce_infill_retraction": "0",
    "role_based_wipe_speed": "1",
    "scarf_joint_speed": "50%",
    "seam_gap": "5%",
    "seam_slope_conditional": "1",
    "seam_slope_entire_loop": "1",
    "seam_slope_inner_walls": "1",
    "seam_slope_type": "external",
    "skirt_distance": "3",
    "skirt_height": "1",
    "skirt_loops": "2",
    "slow_down_layers": "4",
    "small_area_infill_flow_compensation": "1",
    "small_perimeter_speed": "10%",
    "small_perimeter_threshold": "10",
    "sparse_infill_density": "10%",
    "sparse_infill_pattern": "gyroid",
    "sparse_infill_speed": "200",
    "support_bottom_z_distance": "0.12",
    "support_interface_spacing": "0",
    "support_interface_speed": "150",
    "support_interface_top_layers": "3",
    "support_speed": "150",
    "support_style": "default",
    "support_top_z_distance": "0.12",
    "support_type": "tree(manual)",
    "top_shell_layers": "4",
    "top_surface_speed": "100",
    "version": "2.1.1.0",
    "wall_loops": "3",
    "wall_sequence": "inner-outer-inner wall",
    "wipe_before_external_loop": "1",
    "wipe_on_loops": "1",
    "xy_hole_compensation": "0.1"
}
