{
    "elefant_foot_compensation": "0",
    "enable_support": "1",
    "from": "User",
    "infill_combination": "1",
    "inherits": "0.20mm Standard @Creality Ender3V3KE",
    "initial_layer_print_height": "0.24",
    "is_custom_defined": "0",
    "name": "0.20mm Standard @Creality Ender3V3KE - Supports",
    "print_settings_id": "0.20mm Standard @Creality Ender3V3KE - Supports",
    "reduce_infill_retraction": "0",
    "skirt_distance": "3",
    "skirt_height": "1",
    "skirt_loops": "2",
    "sparse_infill_density": "10%",
    "sparse_infill_pattern": "gyroid",
    "support_interface_spacing": "0",
    "support_interface_top_layers": "3",
    "support_style": "default",
    "support_top_z_distance": "0.18",
    "support_type": "tree(manual)",
    "version": "2.0.2.0",
    "wall_loops": "3",
    "wall_sequence": "inner-outer-inner wall",
    "xy_hole_compensation": "0.1"
}
